-- INSERTS E MUDANÇAS DO BANCO DO ORIGINAL

INSERT INTO Catalogo_Especie (id_especie, risco_extincao, especie, habitat_especie, quantidade_animais) VALUES
('ESP00001', 0.85, 'Onça-Pintada', 'Mata Atlântica, florestas e áreas alagadas', 120),
('ESP00002', 0.65, 'Capivara', 'Beira de rios e lagos, áreas urbanas e rurais', 850),
('ESP00003', 0.92, 'Papagaio-de-Peito-Roxo', 'Floresta com Araucária, áreas de altitude', 55),
('ESP00004', 0.15, 'Tucano-do-Bico-Verde', 'Mata Atlântica, áreas montanhosas', 310),
('ESP00005', 0.78, 'Bugio-Ruivo', 'Floresta Atlântica, capoeiras', 180),
('ESP00006', 0.55, 'Gato-do-Mato-Pequeno', 'Diversos, preferindo florestas densas', 90),
('ESP00007', 0.20, 'Quero-Quero', 'Campos abertos, pastagens, áreas urbanas', 1200),
('ESP00008', 0.95, 'Tamanduá-Bandeira', 'Cerrado e campos abertos no interior', 40),
('ESP00009', 0.35, 'Gambá-de-Orelha-Preta', 'Áreas urbanas, florestas e bordas de mata', 620),
('ESP00010', 0.45, 'Veado-Catingueiro', 'Capoeiras e bordas de florestas', 250),
('ESP00011', 0.88, 'Jacutinga', 'Mata Atlântica (principalmente Floresta com Araucária)', 75),
('ESP00012', 0.10, 'Sabiá-Laranjeira', 'Florestas, pomares e áreas urbanas', 980),
('ESP00013', 0.70, 'Muriqui-do-Sul', 'Floresta Atlântica do Sudeste e Sul', 30),
('ESP00014', 0.05, 'Coruja-Buraqueira', 'Campos abertos e pastagens', 510),
('ESP00015', 0.60, 'Jaguatirica', 'Florestas densas e matas ciliares', 150),
('ESP00016', 0.82, 'Lobo-Guará', 'Cerrado e áreas de campo limpo', 65),
('ESP00017', 0.25, 'Cágado-de-Barbicha', 'Rios, lagos e banhados', 400),
('ESP00018', 0.40, 'Paca', 'Proximidade de rios, áreas de floresta densa', 380),
('ESP00019', 0.50, 'Macaco-Prego', 'Diversos tipos de floresta', 210),
('ESP00020', 0.75, 'Tatu-Canastra', 'Campos e florestas abertas', 85),
('ESP00021', 0.30, 'João-de-Barro', 'Áreas abertas, campos, cidades', 750),
('ESP00022', 0.90, 'Harpias (Gavião-Real)', 'Florestas densas e grandes árvores', 20),
('ESP00023', 0.12, 'Beija-Flor', 'Jardins, florestas e matas ciliares', 1100),
('ESP00024', 0.68, 'Queixada', 'Grandes áreas de floresta primária', 110),
('ESP00025', 0.58, 'Anta', 'Proximidade de água, florestas e savanas', 130),
('ESP00026', 0.80, 'Tartaruga-Marinha', 'Litoral do Paraná (praias e oceano)', 45),
('ESP00027', 0.22, 'Codorna', 'Campos e áreas de vegetação rasteira', 450),
('ESP00028', 0.18, 'Iguana', 'Áreas de mata e restinga no litoral', 550),
('ESP00029', 0.72, 'Pato-Mergulhão', 'Rios de corredeiras limpas', 35),
('ESP00030', 0.42, 'Seriema', 'Campos e Cerrado, áreas secas', 290),
('ESP00031', 0.33, 'Cuíca', 'Florestas e áreas de mata ciliar', 340),
('ESP00032', 0.62, 'Jararaca (Serpente)', 'Campos, florestas e áreas rurais', 200),
('ESP00033', 0.17, 'Lagarto-Teiú', 'Diversos, incluindo áreas urbanas e rurais', 410),
('ESP00034', 0.53, 'Tico-Tico', 'Campos, jardins e beira de estradas', 650),
('ESP00035', 0.83, 'Macuco', 'Floresta com Araucária e densa Mata Atlântica', 80),
('ESP00036', 0.28, 'Borboleta-Monarca', 'Áreas de migração, jardins', 1500),
('ESP00037', 0.77, 'Cervo-do-Pantanal', 'Áreas alagadas e margens de rios (extremo Noroeste)', 38),
('ESP00038', 0.48, 'Garça-Branca', 'Corpos dágua, rios e áreas de banhado', 520),
('ESP00039', 0.98, 'Mico-Leão-Preto', 'Florestas do interior de São Paulo (Divisa PR/SP)', 15),
('ESP00040', 0.08, 'Rato Silvestre', 'Diversos, bordas de mata e lavouras', 2000),
('ESP00041', 0.63, 'Capivara (Jovem)', 'Beira de rios e lagos', 450),
('ESP00042', 0.91, 'Pintassilgo do Sul', 'Campos de altitude e Floresta com Araucária', 60),
('ESP00043', 0.14, 'Urutau', 'Florestas, bordas de mata e áreas de transição', 280),
('ESP00044', 0.87, 'Pica-Pau-Rei', 'Grandes extensões de Mata Atlântica', 42),
('ESP00045', 0.57, 'Quati', 'Florestas e parques urbanos', 230),
('ESP00046', 0.73, 'Gavião-Pato', 'Matas ciliares e áreas próximas a rios', 95),
('ESP00047', 0.27, 'Tatu-Galinha', 'Campos, bordas de mata e áreas de pastagem', 360),
('ESP00048', 0.47, 'Ema', 'Campos abertos do Sul (porções do PR)', 170),
('ESP00049', 0.89, 'Papo-Amarelo', 'Campos de altitude e áreas de Cerrado', 33),
('ESP00050', 0.19, 'Saruê', 'Florestas, áreas rurais e urbanas', 580),
('ESP00051', 0.67, 'Cobra Coral (Verdadeira)', 'Diversos biomas, sob folhagem ou pedras', 70),
('ESP00052', 0.39, 'Chinchila Selvagem', 'Áreas rochosas e de campo (altitude)', 190),
('ESP00053', 0.71, 'Gato-Maracajá', 'Florestas úmidas e densas', 105),
('ESP00054', 0.94, 'Pardal-do-Campo', 'Campos e áreas agrícolas', 25),
('ESP00055', 0.09, 'Pomba-de-Bando', 'Áreas urbanas e rurais', 1400),
('ESP00056', 0.54, 'Esquilo-Caxinguelê', 'Florestas com araucária e matas ciliares', 260),
('ESP00057', 0.81, 'Pintado (Peixe)', 'Rios grandes da Bacia do Paraná', 50),
('ESP00058', 0.24, 'Periquito-de-Encontro-Amarelo', 'Florestas e áreas de mata', 390),
('ESP00059', 0.79, 'Curió', 'Matas ciliares e áreas de restinga', 88),
('ESP00060', 0.44, 'Ibis-Preto (Coró-Coró)', 'Áreas alagadas e margens de rios', 320);

INSERT INTO Denuncia (data_denuncia, lugar, descricao) VALUES
('2025-09-28', 'Rua XV de Novembro, Centro, Curitiba/PR', 'Capivara desorientada caminhando em via movimentada. Parecia assustada.'),
('2025-09-30', 'Parque Barigui, Curitiba/PR', 'Ninho de filhotes de Quero-Quero abandonado próximo ao lago principal.'),
('2025-10-01', 'BR-277, Km 108, Campo Largo/PR', 'Lobo-Guará atropelado na lateral da rodovia, ainda vivo, mas ferido.'),
('2025-10-02', 'Mata do Pinheirinho, Araucária/PR', 'Macaco-Prego encontrado preso em cerca de arame farpado.'),
('2025-10-04', 'Residência, Bairro Bacacheri, Curitiba/PR', 'Gambá com filhotes alojado no forro do telhado. Proprietário solicitou remoção segura.'),
('2025-10-05', 'Estrada da Graciosa, Morretes/PR', 'Avistada uma Jacutinga com asa quebrada em área de difícil acesso.'),
('2025-10-06', 'Jardim Botânico, Curitiba/PR', 'Um Tucano-do-Bico-Verde colidiu com o vidro de uma estufa e está atordoado.'),
('2025-10-07', 'Litoral, Praia de Guaratuba/PR', 'Tartaruga-Marinha juvenil encontrada encalhada e debilitada na areia.'),
('2025-09-15', 'Fazenda em Londrina/PR', 'Suspeita de caça ilegal; encontrado Gato-do-Mato-Pequeno ferido por armadilha.'),
('2025-09-17', 'Rodovia do Café (BR-376), Ponta Grossa/PR', 'Paca morta e outra ferida às margens, provavelmente vítimas de atropelamento.'),
('2025-09-19', 'Rua Chile, Bairro Rebouças, Curitiba/PR', 'Sabiá-Laranjeira com linha de cerol enroscada nas pernas.'),
('2025-09-21', 'Parque São Lourenço, Curitiba/PR', 'Quati se alimentando em lixeiras e apresentando comportamento agressivo.'),
('2025-09-22', 'Zona Rural, Castro/PR', 'Tamanduá-Bandeira perdido em área de plantação de soja.'),
('2025-09-24', 'Próximo à Usina Hidrelétrica de Salto Caxias', 'Pato-Mergulhão em área de risco devido à baixa do rio.'),
('2025-09-26', 'Aeroporto Afonso Pena, São José dos Pinhais/PR', 'Colisão de pássaro (não identificado) com aeronave. Necessário resgate.'),
('2025-08-10', 'Praça Tiradentes, Curitiba/PR', 'Pombo urbano com ferimento grave na asa, provavelmente briga.'),
('2025-08-12', 'Bairro Alto, Curitiba/PR', 'Teiú (Lagarto) de grande porte invadiu quintal, causando pânico.'),
('2025-08-14', 'Reserva do Iguaçu, Foz do Iguaçu/PR', 'Bugio-Ruivo com sinais de doença em grupo isolado.'),
('2025-08-16', 'Rodovia PR-412, Matinhos/PR', 'Serpente (suspeita de Jararaca) encontrada próxima à beira da estrada.'),
('2025-08-18', 'Morro do Anhangava, Quatro Barras/PR', 'Rastros de Onça-Pintada em trilha popular; necessário monitoramento e eventual resgate se for filhote.'),
('2025-08-20', 'Jardim das Américas, Curitiba/PR', 'Beija-Flor desmaiado em varanda após suposto contato com veneno de insetos.'),
('2025-08-23', 'Interior, Guarapuava/PR', 'Avistada uma Ema desorientada em área não característica do seu habitat.'),
('2025-08-25', 'Bairro Santa Felicidade, Curitiba/PR', 'Cágado-de-Barbicha encontrado vagando em rua seca, longe de rios.'),
('2025-08-27', 'Bairro Água Verde, Curitiba/PR', 'Tico-Tico preso em rede de proteção de apartamento.'),
('2025-08-29', 'Porto de Paranaguá/PR', 'Garça-Branca com pata presa em lixo industrial na área portuária.'),
('2025-07-01', 'Centro Cívico, Curitiba/PR', 'Coruja-Buraqueira em área de construção civil sob risco.'),
('2025-07-05', 'Campo Magro/PR', 'Suspeita de abandono de filhotes de Jaguatirica em área rural.'),
('2025-07-10', 'Parque Tanguá, Curitiba/PR', 'Pica-Pau-Rei com comportamento incomum, dificuldade para voar.'),
('2025-07-15', 'Área de Mata, Piraquara/PR', 'Veado-Catingueiro com ferimento na perna, provavelmente por queda.'),
('2025-07-20', 'Rua Visconde de Guarapuava, Curitiba/PR', 'Gamba ferido por cão doméstico em residência.');

INSERT INTO Equipe_Resgate (id_equipe, membros_qtd, tempo_experiencia, disponibilidade) VALUES
('EQP00001', 3, 4.50, FALSE),  
('EQP00002', 4, 8.25, TRUE),
('EQP00003', 2, 1.50, TRUE),
('EQP00004', 5, 10.00, TRUE),
('EQP00005', 3, 6.75, TRUE),
('EQP00006', 4, 3.10, FALSE), 
('EQP00007', 2, 0.90, TRUE),
('EQP00008', 3, 5.00, FALSE), 
('EQP00009', 4, 7.30, TRUE),
('EQP00010', 5, 2.00, FALSE),  
('EQP00011', 3, 9.50, FALSE), 
('EQP00012', 2, 1.20, TRUE),
('EQP00013', 4, 4.80, TRUE),
('EQP00014', 3, 6.00, TRUE),
('EQP00015', 5, 11.50, FALSE), 
('EQP00016', 3, 2.75, TRUE),
('EQP00017', 2, 0.50, TRUE);

ALTER TABLE resgate CHANGE lugar lugar_resgate VARCHAR(255); -- corrigir redundancia com atributo lugar de Denunucia


INSERT INTO Resgate (id_resgate, id_equipe, id_denuncia, data_resgate, lugar_resgate, status, descricao) VALUES
('RES00001', 'EQP00002', 1, '2025-09-28', 'Rua XV de Novembro, Centro, Curitiba/PR', 'Finalizado', 'Capivara encontrada e sedada. Sem ferimentos graves, apenas estresse. Encaminhada ao centro.'),
('RES00002', 'EQP00003', 2, '2025-09-30', 'Parque Barigui, Curitiba/PR', 'Finalizado', 'Quatro filhotes de Quero-Quero resgatados e colocados em incubadora. Ninho destruído.'),
('RES00003', 'EQP00004', 3, '2025-10-02', 'BR-277, Km 108, Campo Largo/PR', 'Finalizado', 'Lobo-Guará gravemente ferido. Estabilizado no local e transportado com urgência.'),
('RES00004', 'EQP00005', 4, '2025-10-02', 'Mata do Pinheirinho, Araucária/PR', 'Finalizado', 'Macaco-Prego libertado da cerca com cortes superficiais. Resgate com uso de rede.'),
('RES00005', 'EQP00007', 5, '2025-10-04', 'Residência, Bairro Bacacheri, Curitiba/PR', 'Finalizado', 'Gambá e 7 filhotes resgatados do forro sem ferimentos. Família encaminhada para área de soltura controlada.'),
('RES00006', 'EQP00009', 6, '2025-10-06', 'Estrada da Graciosa, Morretes/PR', 'Finalizado', 'Jacutinga encontrada. Asa fraturada. Resgate em área de mata fechada.'),
('RES00007', 'EQP00012', 7, '2025-10-06', 'Jardim Botânico, Curitiba/PR', 'Finalizado', 'Tucano-do-Bico-Verde recolhido. Sofreu concussão leve, sem fraturas aparentes.'),
('RES00008', 'EQP00001', 8, '2025-10-08', 'Litoral, Praia de Guaratuba/PR', 'Em andamento', 'Tartaruga em observação pré-transporte. Desidratada e fraca. Equipe (EQP00001) ocupada no local.'), 
('RES00009', 'EQP00013', 9, '2025-09-15', 'Fazenda em Londrina/PR', 'Falhou', 'O Gato-do-Mato-Pequeno fugiu antes da chegada da equipe. Suspeita de armadilha confirmada e desativada.'),
('RES00010', 'EQP00014', 10, '2025-09-17', 'Rodovia do Café (BR-376), Ponta Grossa/PR', 'Finalizado', 'Resgate de uma Paca ferida. A outra já estava falecida. Ferimentos graves por impacto.'),
('RES00011', 'EQP00016', 11, '2025-09-19', 'Rua Chile, Bairro Rebouças, Curitiba/PR', 'Finalizado', 'Sabiá resgatado. Linha de cerol removida. Ferimento superficial na perna.'),
('RES00012', 'EQP00017', 12, '2025-09-22', 'Parque São Lourenço, Curitiba/PR', 'Falhou', 'Quati não foi localizado pela equipe. Agressividade não confirmada. Provavelmente fugiu.'),
('RES00013', 'EQP00002', 13, '2025-09-22', 'Zona Rural, Castro/PR', 'Finalizado', 'Tamanduá-Bandeira sedado e resgatado de plantação. Sem ferimentos.'),
('RES00014', 'EQP00006', 14, '2025-09-25', 'Próximo à Usina Hidrelétrica de Salto Caxias', 'Em andamento', 'Monitoramento de Pato-Mergulhão. Aguardando momento seguro para abordagem. Equipe (EQP00006) ocupada.'), 
('RES00015', 'EQP00003', 15, '2025-09-27', 'Aeroporto Afonso Pena, São José dos Pinhais/PR', 'Falhou', 'Pássaro não encontrado, suspeita que tenha voado após a inspeção da aeronave.'),
('RES00016', 'EQP00004', 16, '2025-08-10', 'Praça Tiradentes, Curitiba/PR', 'Finalizado', 'Pombo recolhido. Asa quebrada. Encaminhado ao tratamento.'),
('RES00017', 'EQP00005', 17, '2025-08-12', 'Bairro Alto, Curitiba/PR', 'Finalizado', 'Lagarto-Teiú capturado e transportado para avaliação. Animal saudável.'),
('RES00018', 'EQP00008', 18, '2025-08-15', 'Reserva do Iguaçu, Foz do Iguaçu/PR', 'Em andamento', 'Bugio-Ruivo monitorado. Equipe aguarda autorização para sedação remota. Equipe (EQP00008) ocupada.'), 
('RES00019', 'EQP00009', 19, '2025-08-16', 'Rodovia PR-412, Matinhos/PR', 'Finalizado', 'Serpente (Jararaca) capturada com segurança. Levada para identificação e soltura em área controlada.'),
('RES00020', 'EQP00010', 20, '2025-08-18', 'Morro do Anhangava, Quatro Barras/PR', 'Falhou', 'Nenhum sinal de Onça-Pintada ou filhote. Alerta de trilha reforçado.'),
('RES00021', 'EQP00011', 21, '2025-08-20', 'Jardim das Américas, Curitiba/PR', 'Finalizado', 'Beija-Flor reanimado e estável. Possível intoxicação leve.'),
('RES00022', 'EQP00012', 22, '2025-08-23', 'Interior, Guarapuava/PR', 'Finalizado', 'Ema resgatada e transportada. Desorientação devido a tempestade.'),
('RES00023', 'EQP00013', 23, '2025-08-25', 'Bairro Santa Felicidade, Curitiba/PR', 'Finalizado', 'Cágado resgatado da rua. Nenhuma fonte de água próxima. Saudável.'),
('RES00024', 'EQP00014', 24, '2025-08-27', 'Bairro Água Verde, Curitiba/PR', 'Finalizado', 'Tico-Tico libertado da rede. Pata levemente ferida.'),
('RES00025', 'EQP00010', 25, '2025-08-29', 'Porto de Paranaguá/PR', 'Em andamento', 'Garça-Branca requer operação delicada no local para desprendimento da pata. Equipe (EQP00010) ocupada.'), 
('RES00026', 'EQP00015', 26, '2025-07-01', 'Centro Cívico, Curitiba/PR', 'Falhou', 'Coruja-Buraqueira não estava na área indicada. Supostamente voou para longe.'),
('RES00027', 'EQP00016', 27, '2025-07-06', 'Campo Magro/PR', 'Finalizado', 'Dois filhotes de Jaguatirica resgatados. Sem a mãe. Necessário cuidados intensivos.'),
('RES00028', 'EQP00011', 28, '2025-07-11', 'Parque Tanguá, Curitiba/PR', 'Em andamento', 'Pica-Pau-Rei em observação em árvore alta. Aguardando veterinário para sedação. Equipe (EQP00011) ocupada.'),
('RES00029', 'EQP00012', 29, '2025-07-16', 'Área de Mata, Piraquara/PR', 'Finalizado', 'Veado-Catingueiro resgatado. Ferimento por queda. Estabilizado.'),
('RES00030', 'EQP00015', 30, '2025-07-20', 'Rua Visconde de Guarapuava, Curitiba/PR', 'Em andamento', 'Monitoramento de Gambá ferido. Equipe aguardando a saída do animal do esgoto para resgate. Equipe (EQP00015) ocupada.');

--
-- INSERTS PARA A TABELA ANIMAL
--
INSERT INTO Animal (id_animal, id_resgate, id_especie, condicao, status, id_tratamento) VALUES
('ANM00001', 'RES00001', 'ESP00002', 'Desorientação por estresse urbano. Sem ferimentos.', 'Resgatado', NULL),
('ANM00002', 'RES00003', 'ESP00016', 'Politromatismo grave. Ferimento aberto e fratura exposta.', 'Resgatado', NULL),
('ANM00003', 'RES00004', 'ESP00019', 'Lacerações superficiais nos membros devido ao arame farpado.', 'Resgatado', NULL),
('ANM00004', 'RES00006', 'ESP00011', 'Asa esquerda fraturada (ulna). Não consegue voar.', 'Resgatado', NULL),
('ANM00005', 'RES00007', 'ESP00004', 'Atordoamento após colisão com vidro (concussão leve).', 'Resgatado', NULL),
('ANM00006', 'RES00008', 'ESP00026', 'Desidratada e exausta. Condição crítica de debilidade.', 'Resgatado', NULL),
('ANM00007', 'RES00002', 'ESP00007', 'Filhote 1. Hipotermia e desnutrição severa.', 'Resgatado', NULL),
('ANM00008', 'RES00002', 'ESP00007', 'Filhote 2. Desnutrição e sinais de debilidade.', 'Resgatado', NULL),
('ANM00009', 'RES00002', 'ESP00007', 'Filhote 3. Muito fraco. Risco de óbito.', 'Resgatado', NULL),
('ANM00029', 'RES00002', 'ESP00007', 'Filhote 4. Desnutrição severa e hipotermia.', 'Resgatado', NULL),
('ANM00010', 'RES00005', 'ESP00009', 'Gambá Adulto (mãe). Saudável. Apenas estresse da captura.', 'Resgatado', NULL),
('ANM00011', 'RES00010', 'ESP00018', 'Ferimento grave na lateral do corpo. Vítima de atropelamento.', 'Resgatado', NULL),
('ANM00012', 'RES00011', 'ESP00012', 'Linha de cerol enroscada nas patas. Lesão ligamentar.', 'Resgatado', NULL),
('ANM00013', 'RES00013', 'ESP00008', 'Desorientação. Animal saudável, apenas perdido na lavoura.', 'Resgatado', NULL),
('ANM00014', 'RES00014', 'ESP00029', 'Sinais de contaminação. Intoxicação leve por agrotóxico ou poluente.', 'Resgatado', NULL),
('ANM00015', 'RES00016', 'ESP00055', 'Asa esquerda quebrada. Fratura simples.', 'Resgatado', NULL),
('ANM00016', 'RES00017', 'ESP00033', 'Saudável. Resgate preventivo por invasão de residência.', 'Resgatado', NULL),
('ANM00017', 'RES00018', 'ESP00005', 'Sinais de apatia e tosse. Suspeita de doença respiratória.', 'Resgatado', NULL),
('ANM00018', 'RES00019', 'ESP00032', 'Serpente saudável. Captura preventiva em área de risco.', 'Resgatado', NULL),
('ANM00019', 'RES00021', 'ESP00023', 'Inconsciente. Hipoglicemia e intoxicação leve por inseticida.', 'Resgatado', NULL),
('ANM00020', 'RES00022', 'ESP00048', 'Exausta. Desorientação devido a mau tempo.', 'Resgatado', NULL),
('ANM00021', 'RES00023', 'ESP00017', 'Saudável. Deslocamento acidental para longe de corpo dágua.', 'Resgatado', NULL),
('ANM00022', 'RES00024', 'ESP00034', 'Pata direita levemente ferida. Preso em rede de proteção.', 'Resgatado', NULL),
('ANM00023', 'RES00025', 'ESP00038', 'Pata presa em lixo. Laceração profunda e necrose parcial.', 'Resgatado', NULL),
('ANM00024', 'RES00027', 'ESP00015', 'Jaguatirica Filhote 1. Desnutrição grave. Órfão.', 'Resgatado', NULL),
('ANM00025', 'RES00027', 'ESP00015', 'Jaguatirica Filhote 2. Desnutrição. Órfão.', 'Resgatado', NULL),
('ANM00026', 'RES00028', 'ESP00044', 'Dificuldade de voo e apatia. Trauma craniano leve.', 'Resgatado', NULL),
('ANM00027', 'RES00029', 'ESP00010', 'Lesão muscular profunda na coxa. Não consegue apoiar a perna.', 'Resgatado', NULL),
('ANM00028', 'RES00030', 'ESP00009', 'Ferimento por mordida de cão em esgoto. Condição de risco.', 'Resgatado', NULL),
('ANM00030', 'RES00005', 'ESP00009', 'Filhote de Gambá 1. Saudável, junto da mãe.', 'Resgatado', NULL),
('ANM00031', 'RES00005', 'ESP00009', 'Filhote de Gambá 2. Saudável, junto da mãe.', 'Resgatado', NULL), 
('ANM00032', 'RES00005', 'ESP00009', 'Filhote de Gambá 3. Saudável, junto da mãe.', 'Resgatado', NULL), 
('ANM00033', 'RES00005', 'ESP00009', 'Filhote de Gambá 4. Saudável, junto da mãe.', 'Resgatado', NULL), 
('ANM00034', 'RES00005', 'ESP00009', 'Filhote de Gambá 5. Saudável, junto da mãe.', 'Resgatado', NULL), 
('ANM00035', 'RES00005', 'ESP00009', 'Filhote de Gambá 6. Saudável, junto da mãe.', 'Resgatado', NULL), 
('ANM00036', 'RES00005', 'ESP00009', 'Filhote de Gambá 7. Saudável, junto da mãe.', 'Resgatado', NULL);


-- apenas 1 centro
INSERT INTO Centro_de_Triagem (id_centro_de_triagem, responsavel, local_centro, telefone, capacidade) VALUES
('CENTRO01', 'Dr. Helena Silva (Veterinária Chefe)', 'Rua da Floresta, 120 - Santa Cândida, Curitiba/PR', '(41) 3330-1234', 150);

INSERT INTO Avaliacao_Clinica (id_avaliacao, diagnostico, id_centro_de_triagem, id_resgate) VALUES
('AVA00001', 'Estresse/Exaustão. Indicado soltura imediata após 48h de observação.', 'CENTRO01', 'RES00001'),
('AVA00002', 'Desnutrição severa e hipotermia. Filhotes órfãos. Necessita de cuidados intensivos.', 'CENTRO01', 'RES00002'),
('AVA00003', 'Fratura Cominutiva no rádio. Risco de infecção generalizada. Cirurgia urgente.', 'CENTRO01', 'RES00003'),
('AVA00004', 'Cortes superficiais. Necessita de sutura e antibióticos profiláticos.', 'CENTRO01', 'RES00004'),
('AVA00005', 'Saudáveis. Mãe e filhotes aptos para soltura em área controlada.', 'CENTRO01', 'RES00005'),
('AVA00006', 'Fratura oblíqua na ulna. Imobilização cirúrgica e fisioterapia prolongada.', 'CENTRO01', 'RES00006'),
('AVA00007', 'Concussão grau I. Exames normais. Repouso absoluto por 7 dias.', 'CENTRO01', 'RES00007'),
('AVA00008', 'Desidratação grau III. Falha renal leve. Terapia intensiva com fluidos.', 'CENTRO01', 'RES00008'),
('AVA00010', 'Trauma contuso com hemorragia interna abdominal. Prognóstico reservado.', 'CENTRO01', 'RES00010'),
('AVA00011', 'Lesão ligamentar por cerol. Repouso e anti-inflamatórios.', 'CENTRO01', 'RES00011'),
('AVA00013', 'Saudável. Apenas estresse. Aptos para soltura imediata.', 'CENTRO01', 'RES00013'),
('AVA00014', 'Intoxicação por organofosforado (leve). Desintoxicação e observação.', 'CENTRO01', 'RES00014'),
('AVA00016', 'Fratura simples de asa. Imobilização em tala.', 'CENTRO01', 'RES00016'),
('AVA00017', 'Saudável. Sem traumas. Soltura imediata.', 'CENTRO01', 'RES00017'),
('AVA00018', 'Broncopneumonia. Tratamento com antibiótico de largo espectro por 14 dias.', 'CENTRO01', 'RES00018'),
('AVA00019', 'Saudável. Captura preventiva. Soltura imediata indicada.', 'CENTRO01', 'RES00019'),
('AVA00021', 'Hipoglicemia e intoxicação leve por inseticida. Soro glicosado e vitaminas.', 'CENTRO01', 'RES00021'),
('AVA00022', 'Exaustão e estresse. Soltura após 48h de reidratação.', 'CENTRO01', 'RES00022'),
('AVA00023', 'Saudável. Deslocamento acidental. Soltura em rio próximo.', 'CENTRO01', 'RES00023'),
('AVA00024', 'Pequeno trauma na pata. Sem fraturas. Repouso.', 'CENTRO01', 'RES00024'),
('AVA00025', 'Laceração profunda na pata. Necrose parcial. Cirurgia de desbridamento e antibióticos.', 'CENTRO01', 'RES00025'),
('AVA00027', 'Desnutrição grave. Filhotes órfãos. Alimentação assistida e termorregulação.', 'CENTRO01', 'RES00027'),
('AVA00028', 'Trauma craniano leve. Observação e analgésicos.', 'CENTRO01', 'RES00028'),
('AVA00029', 'Lesão muscular profunda na coxa. Cirurgia para reparação muscular e reabilitação.', 'CENTRO01', 'RES00029'),
('AVA00030', 'Ferimento por mordida de cão com sinais de infecção. Tratamento com antibióticos.', 'CENTRO01', 'RES00030');

-- normalizaçao de profissionais em av clinica
ALTER TABLE Avaliacao_Clinica
DROP COLUMN profissionais;

CREATE TABLE Profissional (
    id_profissional VARCHAR(8) PRIMARY KEY,
    nome VARCHAR(45) NOT NULL,
    funcao VARCHAR(30) 
);

INSERT INTO Profissional (id_profissional, nome, funcao) VALUES
('PROF0001', 'Dr. Helena Silva', 'Veterinário Chefe'),
('PROF0002', 'Aux. Lucas Santos', 'Auxiliar Técnico'),
('PROF0003', 'Dr. Roberto Oliveira', 'Veterinário Clínico'),
('PROF0004', 'Enf. Paula Mendes', 'Enfermeiro'),
('PROF0005', 'Aux. Camila Melo', 'Auxiliar Técnico'),
('PROF0006', 'Dr. André Souza', 'Veterinário Cirurgião'),
('PROF0007', 'Aux. João Ferreira', 'Auxiliar Técnico'),
('PROF0008', 'Aux. Maria Clara', 'Auxiliar Técnico'),
('PROF0009', 'Enf. Ana Liz', 'Enfermeiro');

CREATE TABLE Avaliacao_Profissional (
    id_avaliacao VARCHAR(8) NOT NULL,
    id_profissional VARCHAR(8) NOT NULL,
    PRIMARY KEY (id_avaliacao, id_profissional), -- PK composta
    FOREIGN KEY (id_avaliacao) REFERENCES Avaliacao_Clinica(id_avaliacao),
    FOREIGN KEY (id_profissional) REFERENCES Profissional(id_profissional)
);
INSERT INTO Avaliacao_Profissional (id_avaliacao, id_profissional) VALUES
('AVA00001', 'PROF0001'), ('AVA00001', 'PROF0002'), 
('AVA00002', 'PROF0001'), ('AVA00002', 'PROF0004'),
('AVA00003', 'PROF0001'), ('AVA00003', 'PROF0003'),
('AVA00004', 'PROF0001'), ('AVA00004', 'PROF0005'),
('AVA00005', 'PROF0001'), ('AVA00005', 'PROF0005'),
('AVA00006', 'PROF0003'), ('AVA00006', 'PROF0006'),
('AVA00007', 'PROF0003'), ('AVA00007', 'PROF0007'),
('AVA00008', 'PROF0003'), ('AVA00008', 'PROF0004'),
('AVA00010', 'PROF0006'), ('AVA00010', 'PROF0008'),
('AVA00011', 'PROF0006'), ('AVA00011', 'PROF0009'),
('AVA00013', 'PROF0006'), ('AVA00013', 'PROF0008'),
('AVA00014', 'PROF0001'), ('AVA00014', 'PROF0008'),
('AVA00016', 'PROF0001'), ('AVA00016', 'PROF0009'),
('AVA00017', 'PROF0001'), ('AVA00017', 'PROF0007'),
('AVA00018', 'PROF0003'), ('AVA00018', 'PROF0001'),
('AVA00019', 'PROF0003'), ('AVA00019', 'PROF0002'),
('AVA00021', 'PROF0006'), ('AVA00021', 'PROF0008'),
('AVA00022', 'PROF0001'), ('AVA00022', 'PROF0007'),
('AVA00023', 'PROF0003'), ('AVA00023', 'PROF0004'),
('AVA00024', 'PROF0006'), ('AVA00024', 'PROF0009'),
('AVA00025', 'PROF0001'), ('AVA00025', 'PROF0003'),
('AVA00027', 'PROF0001'), ('AVA00027', 'PROF0006'),
('AVA00028', 'PROF0003'), ('AVA00028', 'PROF0002'),
('AVA00029', 'PROF0006'), ('AVA00029', 'PROF0005'),
('AVA00030', 'PROF0001'), ('AVA00030', 'PROF0004'); 

-- mudar o tamanho da id_tratamento
ALTER TABLE Tratamento
MODIFY COLUMN id_tratamento VARCHAR(10);

INSERT INTO Tratamento (id_tratamento, data_inicio, data_fim, descricao, medico, id_avaliacao) VALUES
('TRAT0001', '2025-10-01 10:00:00', '2025-10-15 10:00:00', 'Alimentação assistida por sonda/mamadeira e controle rigoroso de temperatura corporal.', 'Dr. Helena Silva', 'AVA00002'),
('TRAT0002', '2025-10-03 15:30:00', '2025-11-02 15:30:00', 'Cirurgia ortopédica para fixação interna da fratura cominutiva e ciclo de antibióticos de 30 dias.', 'Dr. Roberto Oliveira', 'AVA00003'),
('TRAT0003', '2025-10-03 11:00:00', '2025-10-10 11:00:00', 'Limpeza dos ferimentos, sutura e ciclo profilático de 7 dias com Amoxicilina.', 'Dr. Helena Silva', 'AVA00004'),
('TRAT0004', '2025-10-07 16:45:00', '2025-11-21 16:45:00', 'Cirurgia de redução e fixação da fratura da ulna. Imobilização com tala por 30 dias, seguido de fisioterapia.', 'Dr. André Souza', 'AVA00006'),
('TRAT0005', '2025-10-09 10:30:00', '2025-10-14 10:30:00', 'Fluidoterapia intravenosa intensa para reverter desidratação e terapia de suporte renal.', 'Dr. Roberto Oliveira', 'AVA00008'),
('TRAT0006', '2025-09-18 09:00:00', '2025-10-09 09:00:00', 'Cirurgia exploratória abdominal e monitoramento intensivo por 21 dias devido à hemorragia interna.', 'Dr. André Souza', 'AVA00010'),
('TRAT0007', '2025-09-20 14:00:00', '2025-09-30 14:00:00', 'Medicação anti-inflamatória e imobilização temporária da perna para cicatrização ligamentar.', 'Dr. André Souza', 'AVA00011'),
('TRAT0008', '2025-09-26 17:00:00', '2025-09-29 17:00:00', 'Protocolo de desintoxicação e monitoramento cardíaco por intoxicação leve.', 'Dr. Helena Silva', 'AVA00014'),
('TRAT0009', '2025-08-11 12:00:00', '2025-09-05 12:00:00', 'Imobilização completa da asa e analgésicos. Monitoramento de consolidação óssea.', 'Dr. Helena Silva', 'AVA00016'),
('TRAT0010', '2025-08-16 18:00:00', '2025-08-30 18:00:00', 'Antibioticoterapia de largo espectro e nebulização para tratamento da broncopneumonia.', 'Dr. Roberto Oliveira', 'AVA00018'),
('TRAT0011', '2025-08-30 10:00:00', '2025-09-17 10:00:00', 'Cirurgia de desbridamento e remoção de tecido necrosado, seguida de ciclo de antibióticos potentes.', 'Dr. Helena Silva', 'AVA00025'),
('TRAT0012', '2025-07-07 08:00:00', '2025-07-27 08:00:00', 'Alimentação assistida e termorregulação constante para filhotes em desnutrição.', 'Dr. Helena Silva', 'AVA00027'),
('TRAT0013', '2025-07-12 11:30:00', '2025-07-17 11:30:00', 'Observação neurológica, medicação analgésica e suporte nutricional.', 'Dr. Roberto Oliveira', 'AVA00028'),
('TRAT0014', '2025-07-17 14:00:00', '2025-09-15 14:00:00', 'Cirurgia para reparação do músculo do quadríceps e reabilitação intensiva. Repouso absoluto.', 'Dr. André Souza', 'AVA00029'),
('TRAT0015', '2025-10-06 17:30:00', '2025-10-13 17:30:00', 'Repouso em ambiente calmo e escuro. Monitoramento neurológico e suporte vitamínico.', 'Dr. André Souza', 'AVA00007'),
('TRAT0016', '2025-08-20 12:00:00', '2025-08-22 12:00:00', 'Administração de soro glicosado e vitaminas. Monitoramento cardiorrespiratório.', 'Dr. Roberto Oliveira', 'AVA00021'),
('TRAT0017', '2025-08-23 15:00:00', '2025-08-25 15:00:00', 'Hidratação e nutrição assistida para recuperação de exaustão.', 'Dr. Helena Silva', 'AVA00022'),
('TRAT0018', '2025-08-27 18:00:00', '2025-08-30 18:00:00', 'Aplicação de pomada cicatrizante e analgesia leve para o trauma na pata.', 'Dr. André Souza', 'AVA00024'),
('TRAT0019', '2025-07-20 22:00:00', '2025-08-03 22:00:00', 'Limpeza e sutura do ferimento por mordida. Tratamento intensivo com Cefalexina por 14 dias.', 'Dr. Roberto Oliveira', 'AVA00030');


 
 -- Atualiza o status e id_tratamento de animais que foram resgatados sozinhos
UPDATE Animal SET id_tratamento = 'TRAT0001', status = 'Em tratamento' WHERE id_resgate = 'RES00002'; 
UPDATE Animal SET id_tratamento = 'TRAT0002', status = 'Em tratamento' WHERE id_animal = 'ANM00002';
UPDATE Animal SET id_tratamento = 'TRAT0003', status = 'Em tratamento' WHERE id_animal = 'ANM00003'; 
UPDATE Animal SET id_tratamento = 'TRAT0004', status = 'Em tratamento' WHERE id_animal = 'ANM00004';
UPDATE Animal SET id_tratamento = 'TRAT0005', status = 'Em tratamento' WHERE id_animal = 'ANM00006';
UPDATE Animal SET id_tratamento = 'TRAT0006', status = 'Em tratamento' WHERE id_animal = 'ANM00011'; 
UPDATE Animal SET id_tratamento = 'TRAT0007', status = 'Em tratamento' WHERE id_animal = 'ANM00012'; 
UPDATE Animal SET id_tratamento = 'TRAT0008', status = 'Em tratamento' WHERE id_animal = 'ANM00014'; 
UPDATE Animal SET id_tratamento = 'TRAT0009', status = 'Em tratamento' WHERE id_animal = 'ANM00015'; 
UPDATE Animal SET id_tratamento = 'TRAT0010', status = 'Em tratamento' WHERE id_animal = 'ANM00017'; 
UPDATE Animal SET id_tratamento = 'TRAT0011', status = 'Em tratamento' WHERE id_animal = 'ANM00023'; 
UPDATE Animal SET id_tratamento = 'TRAT0013', status = 'Em tratamento' WHERE id_animal = 'ANM00026'; 
UPDATE Animal SET id_tratamento = 'TRAT0014', status = 'Em tratamento' WHERE id_animal = 'ANM00027'; 
UPDATE Animal SET id_tratamento = 'TRAT0012', status = 'Em tratamento' WHERE id_resgate = 'RES00027';
UPDATE Animal SET id_tratamento = 'TRAT0015', status = 'Em tratamento' WHERE id_animal = 'ANM00005';
UPDATE Animal SET id_tratamento = 'TRAT0016', status = 'Em tratamento' WHERE id_animal = 'ANM00019';
UPDATE Animal SET id_tratamento = 'TRAT0017', status = 'Em tratamento' WHERE id_animal = 'ANM00020';
UPDATE Animal SET id_tratamento = 'TRAT0018', status = 'Em tratamento' WHERE id_animal = 'ANM00022';
UPDATE Animal SET id_tratamento = 'TRAT0019', status = 'Em tratamento' WHERE id_animal = 'ANM00028';
 
INSERT INTO Soltura (id_soltura, data_soltura, local_soltura, observacoes, id_animal) VALUES
('SOL00001', '2025-10-01 15:00:00', 'Parque Estadual Vila Velha, Ponta Grossa/PR', 'Capivara liberada após 72h de observação. Sem sinais de estresse.', 'ANM00001'),
('SOL00002', '2025-10-05 17:00:00', 'Mata dos Palmitos, Piraquara/PR', 'Mãe Gambá (ANM00010) solta em área de mata ciliar segura.', 'ANM00010'),
('SOL00003', '2025-10-05 17:00:00', 'Mata dos Palmitos, Piraquara/PR', 'Filhote de Gambá. Solto com a mãe e irmãos.', 'ANM00030'),
('SOL00004', '2025-10-05 17:00:00', 'Mata dos Palmitos, Piraquara/PR', 'Filhote de Gambá. Solto com a mãe e irmãos.', 'ANM00031'),
('SOL00005', '2025-10-05 17:00:00', 'Mata dos Palmitos, Piraquara/PR', 'Filhote de Gambá. Solto com a mãe e irmãos.', 'ANM00032'),
('SOL00023', '2025-10-05 17:00:00', 'Mata dos Palmitos, Piraquara/PR', 'Filhote de Gambá. Solto com a mãe e irmãos.', 'ANM00033'),
('SOL00024', '2025-10-05 17:00:00', 'Mata dos Palmitos, Piraquara/PR', 'Filhote de Gambá. Solto com a mãe e irmãos.', 'ANM00034'),
('SOL00025', '2025-10-05 17:00:00', 'Mata dos Palmitos, Piraquara/PR', 'Filhote de Gambá. Solto com a mãe e irmãos.', 'ANM00035'),
('SOL00026', '2025-10-05 17:00:00', 'Mata dos Palmitos, Piraquara/PR', 'Filhote de Gambá. Solto com a mãe e irmãos.', 'ANM00036'),
('SOL00006', '2025-09-24 14:00:00', 'Reserva Municipal Iguaçu, Curitiba/PR', 'Tamanduá-Bandeira solto em área segura longe da lavoura.', 'ANM00013'),
('SOL00007', '2025-08-13 16:00:00', 'Reserva Ambiental de São Luiz do Purunã/PR', 'Lagarto-Teiú solto em ambiente natural. Saudável.', 'ANM00016'),
('SOL00008', '2025-08-20 19:00:00', 'Parque Tanguá, Curitiba/PR', 'Jararaca solta após identificação e confirmação de saúde.', 'ANM00018'),
('SOL00011', '2025-08-26 09:30:00', 'Rio Iguaçu, próximo a Santa Felicidade/PR', 'Cágado-de-Barbicha solto em seu habitat natural (rio).', 'ANM00021'),
('SOL00009', '2025-08-23 10:00:00', 'Jardim Botânico, Curitiba/PR', 'Beija-Flor liberado após recuperação total da hipoglicemia.', 'ANM00019'),
('SOL00010', '2025-08-26 11:00:00', 'Zona Rural de Guarapuava/PR', 'Ema transportada e solta em campo nativo.', 'ANM00020'),
('SOL00012', '2025-08-31 13:00:00', 'Bosque do Alemão, Curitiba/PR', 'Tico-Tico liberado após repouso.', 'ANM00022'),
('SOL00013', '2025-10-10 10:00:00', 'Reserva Ambiental de Guarapuava/PR', 'Paca liberada após cirurgia e recuperação intensiva de 21 dias.', 'ANM00011'),
('SOL00014', '2025-10-01 09:00:00', 'Área rural próxima a Campo Largo/PR', 'Sabiá liberado. Perna totalmente recuperada.', 'ANM00012'),
('SOL00015', '2025-09-30 11:00:00', 'Rio Iguaçu, próximo a usina/PR', 'Pato-Mergulhão liberado. Desintoxicação completa.', 'ANM00014'),
('SOL00016', '2025-09-06 15:00:00', 'Área urbana controlada, Curitiba/PR', 'Pombo liberado após consolidação da fratura de asa.', 'ANM00015'),
('SOL00017', '2025-08-31 14:00:00', 'Reserva do Iguaçu, Foz do Iguaçu/PR', 'Bugio-Ruivo liberado após tratamento de broncopneumonia.', 'ANM00017'),
('SOL00018', '2025-09-18 10:00:00', 'Litoral, Guaratuba/PR', 'Garça-Branca liberada após cirurgia da pata. Recuperação bem-sucedida.', 'ANM00023'),
('SOL00019', '2025-07-28 12:00:00', 'Mata Atlântica, Campo Magro/PR', 'Jaguatirica Filhote 1 liberada com o irmão.', 'ANM00024'),
('SOL00020', '2025-07-28 12:00:00', 'Mata Atlântica, Campo Magro/PR', 'Jaguatirica Filhote 2 liberada com o irmão.', 'ANM00025'),
('SOL00021', '2025-07-18 16:00:00', 'Parque Tanguá, Curitiba/PR', 'Pica-Pau-Rei liberado após observação do trauma craniano.', 'ANM00026'),
('SOL00022', '2025-09-16 13:00:00', 'Reserva de Piraquara/PR', 'Veado-Catingueiro liberado após cirurgia e reabilitação da perna.', 'ANM00027');



-- atualizar o status dos animais soltos
UPDATE Animal SET status = 'Solto' WHERE id_animal IN (
    'ANM00001', 'ANM00010', 'ANM00030', 'ANM00031', 'ANM00032', 'ANM00033', 'ANM00034', 'ANM00035', 'ANM00036', 
    'ANM00013', 'ANM00016', 'ANM00018', 'ANM00021', 
    'ANM00019', 'ANM00020', 'ANM00022', 'ANM00011', 'ANM00012', 'ANM00014', 'ANM00015', 'ANM00017', 'ANM00023', 
    'ANM00024', 'ANM00025', 'ANM00026', 'ANM00027' 
);

INSERT INTO Relatorio (id_relatorio, data_emissao, conteudo, id_soltura) VALUES
-- ANIMAIS QUE NÃO PRECISARAM DE TRATAMENTO
('REL00001', '2025-10-02', 'Soltura bem-sucedida após 72 horas de observação. O animal estava apto para reintrodução em habitat não urbano.', 'SOL00001'),
('REL00002', '2025-10-06', 'Mãe gambá (ANM00010) solta em área protegida de mata ciliar. Excelente adaptação ao ambiente e comportamento preservado.', 'SOL00002'),
('REL00003', '2025-10-06', 'Filhote de gambá solto em conjunto com a mãe e irmãos. Bom prognóstico de sobrevivência na natureza.', 'SOL00003'),
('REL00004', '2025-10-06', 'Filhote de gambá solto com o grupo familiar. Observado seguindo a mãe imediatamente após a abertura da jaula.', 'SOL00004'),
('REL00005', '2025-10-06', 'Filhote de gambá solto com o grupo. Reage bem à vegetação densa da área de reintrodução.', 'SOL00005'),
('REL00023', '2025-10-06', 'Filhote de gambá solto com o grupo. Comportamento natural de busca por abrigo.', 'SOL00023'),
('REL00024', '2025-10-06', 'Filhote de gambá solto com o grupo. Sem dificuldades de locomoção ou adaptação.', 'SOL00024'),
('REL00025', '2025-10-06', 'Filhote de gambá solto com o grupo. Demonstra vigor e resposta a estímulos.', 'SOL00025'),
('REL00026', '2025-10-06', 'Filhote de gambá solto com o grupo. Imediatamente se escondeu na vegetação com a mãe.', 'SOL00026'),
('REL00006', '2025-09-25', 'Tamanduá-Bandeira saudável e sem estresse pós-resgate. Soltura preventiva realizada com sucesso em reserva municipal.', 'SOL00006'),
('REL00007', '2025-08-14', 'Lagarto-Teiú solto em ambiente natural logo após triagem. Não houve necessidade de intervenção clínica.', 'SOL00007'),
('REL00008', '2025-08-21', 'Jararaca saudável, solta em área isolada, longe de residências, conforme protocolo de segurança.', 'SOL00008'),
('REL00011', '2025-08-27', 'Cágado-de-Barbicha retornou ao habitat aquático imediato e sem dificuldades de locomoção.', 'SOL00011'),

-- ANIMAIS QUE PRECISARAM DE TRATAMENTO
('REL00009', '2025-08-23', 'Beija-Flor com recuperação rápida de hipoglicemia. Demonstra aptidão total para voo e alimentação autônoma.', 'SOL00009'),
('REL00010', '2025-08-27', 'Ema transportada e solta em campo nativo, longe do tráfego, após 48h de hidratação e repouso.', 'SOL00010'),
('REL00012', '2025-09-01', 'Tico-Tico liberado após breve repouso no centro. Voo e comportamento observados como normais.', 'SOL00012'),
('REL00013', '2025-10-11', 'Paca liberada após 21 dias de recuperação cirúrgica de trauma abdominal. Excelente cicatrização e sem restrições.', 'SOL00013'),
('REL00014', '2025-10-02', 'Sabiá liberado após recuperação total da lesão ligamentar na perna. Voo e pouso sem dificuldades.', 'SOL00014'),
('REL00015', '2025-10-01', 'Pato-Mergulhão liberado após desintoxicação completa. Exames toxicológicos negativos. Solto em ambiente aquático seguro.', 'SOL00015'),
('REL00016', '2025-09-07', 'Pombo liberado após consolidação óssea bem-sucedida de fratura na asa. Voo estável e alto confirmado.', 'SOL00016'),
('REL00017', '2025-09-01', 'Bugio-Ruivo liberado. A broncopneumonia foi resolvida após ciclo de antibióticos. Solto em grupo compatível para reintrodução social.', 'SOL00017'),
('REL00018', '2025-09-19', 'Garça-Branca liberada após cirurgia e recuperação da pata. Nenhuma claudicação observada e suturas removidas.', 'SOL00018'),
('REL00019', '2025-07-29', 'Jaguatirica Filhote 1 solta com o irmão. O filhote está em excelente estado nutricional. Soltura em mata com alto potencial de subsistência.', 'SOL00019'),
('REL00020', '2025-07-29', 'Jaguatirica Filhote 2 solta em conjunto com o irmão. Demonstra comportamento exploratório natural e vigor.', 'SOL00020'),
('REL00021', '2025-07-19', 'Pica-Pau-Rei liberado. Não houve sequelas do trauma craniano. Demonstra vigor no voo e alimentação (percussão).', 'SOL00021'),
('REL00022', '2025-09-17', 'Veado-Catingueiro liberado. Reabilitação completa da perna após cirurgia do quadríceps. Soltura em área monitorada por rastreio.', 'SOL00022');
